defect_id,product_id,defect_date,defect_location,severity,inspection_method,repair_cost,defect_type
175,6,19-02-2024,Internal,Moderate,Manual Testing,999.64,Structural
358,71,17-05-2024,Surface,Critical,Automated Testing,999.25,Functional
113,67,08-04-2024,Surface,Minor,Automated Testing,998.27,Structural
528,8,10-06-2024,Internal,Minor,Automated Testing,997.03,Functional
806,22,08-04-2024,Internal,Critical,Manual Testing,996.60,Cosmetic
372,76,14-05-2024,Surface,Minor,Visual Inspection,996.49,Functional
734,85,16-02-2024,Surface,Moderate,Automated Testing,995.47,Cosmetic
857,49,10-04-2024,Component,Moderate,Automated Testing,992.76,Structural
80,75,11-01-2024,Surface,Moderate,Automated Testing,992.69,Structural
871,59,13-06-2024,Surface,Critical,Manual Testing,992.01,Structural
897,56,15-05-2024,Internal,Minor,Manual Testing,991.95,Structural
748,41,14-02-2024,Internal,Moderate,Manual Testing,990.02,Structural
224,51,24-04-2024,Component,Critical,Manual Testing,989.81,Cosmetic
945,10,24-05-2024,Surface,Minor,Visual Inspection,989.49,Cosmetic
822,41,25-02-2024,Component,Moderate,Manual Testing,988.90,Cosmetic
727,92,12-01-2024,Surface,Minor,Automated Testing,988.41,Functional
907,4,16-02-2024,Component,Minor,Visual Inspection,988.05,Structural
417,37,16-04-2024,Component,Critical,Visual Inspection,987.71,Cosmetic
164,6,20-04-2024,Internal,Minor,Visual Inspection,986.51,Functional
251,33,29-01-2024,Component,Moderate,Automated Testing,978.58,Structural
109,1,22-02-2024,Component,Critical,Automated Testing,978.50,Functional
572,73,17-02-2024,Internal,Critical,Visual Inspection,976.75,Structural
78,28,20-06-2024,Component,Critical,Automated Testing,975.87,Structural
497,49,28-03-2024,Component,Critical,Visual Inspection,975.50,Structural
26,39,15-06-2024,Component,Moderate,Visual Inspection,975.44,Cosmetic
521,86,07-01-2024,Surface,Critical,Visual Inspection,975.10,Structural
223,87,26-01-2024,Surface,Critical,Manual Testing,974.99,Cosmetic
102,79,25-06-2024,Internal,Critical,Visual Inspection,973.66,Structural
331,74,01-03-2024,Surface,Minor,Manual Testing,970.98,Structural
994,77,11-02-2024,Component,Minor,Visual Inspection,970.37,Functional
183,8,02-02-2024,Component,Critical,Visual Inspection,970.31,Structural
706,37,24-05-2024,Component,Moderate,Visual Inspection,969.40,Structural
718,33,11-03-2024,Internal,Minor,Automated Testing,967.35,Cosmetic
638,89,07-04-2024,Component,Moderate,Automated Testing,967.29,Structural
79,69,23-03-2024,Internal,Moderate,Visual Inspection,967.14,Functional
1000,1,23-03-2024,Component,Minor,Visual Inspection,963.40,Structural
375,48,10-05-2024,Internal,Minor,Visual Inspection,963.03,Cosmetic
956,43,01-03-2024,Surface,Critical,Manual Testing,962.48,Functional
821,65,11-02-2024,Surface,Moderate,Visual Inspection,960.72,Functional
542,49,25-06-2024,Surface,Moderate,Manual Testing,960.15,Cosmetic
641,7,30-01-2024,Internal,Moderate,Manual Testing,959.61,Functional
338,31,03-01-2024,Component,Moderate,Manual Testing,959.59,Functional
56,73,19-01-2024,Surface,Minor,Automated Testing,957.60,Cosmetic
411,86,28-02-2024,Component,Minor,Visual Inspection,957.36,Structural
774,35,17-03-2024,Surface,Critical,Manual Testing,957.27,Functional
809,8,19-03-2024,Surface,Minor,Visual Inspection,956.44,Structural
35,48,04-04-2024,Component,Critical,Automated Testing,955.91,Structural
140,68,04-04-2024,Internal,Critical,Manual Testing,955.54,Structural
33,14,15-05-2024,Internal,Minor,Visual Inspection,953.54,Functional
337,68,24-05-2024,Component,Minor,Automated Testing,952.79,Functional
176,13,09-03-2024,Surface,Critical,Manual Testing,952.49,Structural
864,95,03-01-2024,Component,Critical,Manual Testing,951.99,Structural
167,99,27-01-2024,Surface,Moderate,Automated Testing,950.97,Functional
760,31,22-06-2024,Surface,Critical,Manual Testing,950.20,Cosmetic
308,47,08-01-2024,Component,Minor,Manual Testing,949.72,Structural
792,99,05-03-2024,Internal,Minor,Manual Testing,948.05,Structural
948,70,16-02-2024,Component,Moderate,Automated Testing,947.83,Structural
786,54,24-06-2024,Surface,Minor,Automated Testing,947.21,Cosmetic
565,58,15-01-2024,Surface,Minor,Manual Testing,946.80,Structural
557,97,03-03-2024,Internal,Minor,Manual Testing,945.18,Functional
969,6,15-03-2024,Surface,Minor,Manual Testing,945.17,Structural
404,47,01-05-2024,Surface,Minor,Automated Testing,945.16,Cosmetic
570,12,22-03-2024,Internal,Critical,Visual Inspection,944.63,Structural
997,23,21-03-2024,Component,Moderate,Automated Testing,944.07,Cosmetic
504,74,26-05-2024,Internal,Moderate,Manual Testing,943.79,Functional
517,88,12-06-2024,Internal,Moderate,Manual Testing,942.94,Functional
170,4,16-05-2024,Internal,Moderate,Visual Inspection,942.03,Functional
984,43,22-06-2024,Internal,Critical,Manual Testing,941.33,Cosmetic
699,1,04-04-2024,Component,Critical,Automated Testing,940.90,Cosmetic
269,99,09-03-2024,Component,Minor,Manual Testing,940.48,Functional
879,37,11-03-2024,Internal,Moderate,Manual Testing,939.94,Cosmetic
846,48,25-06-2024,Internal,Minor,Manual Testing,937.74,Structural
820,61,19-02-2024,Component,Critical,Manual Testing,937.41,Functional
155,10,24-01-2024,Component,Minor,Visual Inspection,935.64,Functional
926,16,12-01-2024,Internal,Moderate,Automated Testing,933.37,Functional
483,10,17-02-2024,Component,Moderate,Visual Inspection,933.30,Functional
714,66,04-06-2024,Component,Minor,Visual Inspection,932.34,Functional
173,74,29-03-2024,Component,Moderate,Automated Testing,932.23,Functional
561,45,27-03-2024,Surface,Moderate,Automated Testing,930.11,Structural
208,22,31-01-2024,Surface,Critical,Manual Testing,929.05,Structural
601,46,24-04-2024,Internal,Moderate,Visual Inspection,927.75,Functional
147,45,05-04-2024,Internal,Critical,Automated Testing,926.31,Structural
289,61,07-02-2024,Internal,Minor,Automated Testing,925.03,Structural
195,17,18-02-2024,Component,Moderate,Automated Testing,924.13,Structural
523,6,08-01-2024,Component,Moderate,Automated Testing,924.05,Structural
501,46,13-01-2024,Surface,Minor,Visual Inspection,922.52,Structural
105,49,30-04-2024,Component,Critical,Visual Inspection,922.07,Structural
743,27,24-01-2024,Internal,Minor,Manual Testing,921.78,Functional
89,6,01-05-2024,Surface,Moderate,Visual Inspection,920.26,Functional
603,45,21-03-2024,Surface,Moderate,Manual Testing,919.65,Structural
389,49,16-04-2024,Internal,Minor,Automated Testing,918.87,Cosmetic
780,81,05-02-2024,Surface,Minor,Manual Testing,918.81,Functional
462,56,18-02-2024,Internal,Minor,Manual Testing,918.39,Functional
213,75,30-01-2024,Internal,Moderate,Visual Inspection,917.30,Cosmetic
662,35,17-06-2024,Surface,Minor,Manual Testing,917.26,Cosmetic
762,27,15-02-2024,Internal,Critical,Manual Testing,917.24,Structural
143,100,27-05-2024,Internal,Moderate,Manual Testing,916.79,Structural
959,53,27-04-2024,Component,Critical,Automated Testing,916.49,Cosmetic
672,16,19-05-2024,Internal,Moderate,Automated Testing,916.45,Structural
810,77,30-06-2024,Component,Critical,Manual Testing,916.10,Functional
861,51,11-01-2024,Surface,Critical,Automated Testing,915.73,Structural
799,87,08-06-2024,Component,Moderate,Manual Testing,914.50,Structural
442,92,06-02-2024,Component,Minor,Manual Testing,914.32,Functional
803,93,08-01-2024,Internal,Critical,Visual Inspection,911.03,Structural
719,18,04-04-2024,Internal,Minor,Manual Testing,909.42,Structural
448,69,10-05-2024,Component,Moderate,Manual Testing,908.59,Functional
540,20,14-02-2024,Internal,Minor,Manual Testing,908.53,Structural
472,43,24-03-2024,Internal,Critical,Visual Inspection,907.98,Cosmetic
262,77,25-02-2024,Surface,Minor,Automated Testing,906.96,Cosmetic
928,80,27-04-2024,Internal,Moderate,Manual Testing,904.57,Functional
827,96,19-01-2024,Component,Minor,Manual Testing,904.55,Structural
569,97,14-05-2024,Component,Critical,Automated Testing,904.32,Cosmetic
452,6,04-03-2024,Internal,Critical,Visual Inspection,903.36,Cosmetic
894,73,19-05-2024,Surface,Minor,Manual Testing,902.78,Functional
890,49,05-06-2024,Internal,Minor,Automated Testing,901.01,Functional
259,74,20-03-2024,Surface,Moderate,Manual Testing,900.61,Cosmetic
554,30,28-01-2024,Internal,Critical,Automated Testing,900.37,Cosmetic
465,39,20-05-2024,Internal,Minor,Manual Testing,899.45,Structural
369,47,26-01-2024,Internal,Critical,Visual Inspection,899.07,Structural
457,63,11-04-2024,Surface,Minor,Automated Testing,896.04,Functional
738,81,04-05-2024,Internal,Minor,Manual Testing,895.96,Structural
899,65,16-03-2024,Component,Critical,Manual Testing,895.77,Structural
128,92,02-03-2024,Internal,Moderate,Automated Testing,895.38,Cosmetic
478,58,18-01-2024,Surface,Moderate,Visual Inspection,895.11,Functional
700,41,13-02-2024,Surface,Minor,Manual Testing,894.66,Cosmetic
735,60,12-02-2024,Surface,Critical,Manual Testing,894.31,Structural
525,77,24-02-2024,Surface,Critical,Manual Testing,893.77,Cosmetic
923,36,29-03-2024,Surface,Minor,Visual Inspection,893.77,Cosmetic
614,67,18-01-2024,Surface,Critical,Manual Testing,893.30,Cosmetic
881,26,21-01-2024,Internal,Minor,Automated Testing,892.85,Cosmetic
232,74,25-05-2024,Component,Critical,Automated Testing,891.94,Functional
596,74,16-06-2024,Internal,Moderate,Automated Testing,891.01,Structural
238,75,06-02-2024,Component,Critical,Visual Inspection,890.35,Structural
823,88,29-01-2024,Internal,Minor,Automated Testing,890.34,Cosmetic
245,35,27-05-2024,Component,Critical,Visual Inspection,889.52,Cosmetic
391,7,03-06-2024,Internal,Minor,Visual Inspection,889.40,Functional
977,96,08-06-2024,Internal,Critical,Automated Testing,888.55,Functional
335,26,29-02-2024,Surface,Minor,Automated Testing,884.79,Structural
678,19,20-03-2024,Component,Critical,Manual Testing,884.03,Cosmetic
388,32,17-02-2024,Internal,Minor,Automated Testing,883.92,Functional
322,54,30-05-2024,Internal,Critical,Automated Testing,883.58,Cosmetic
492,79,21-04-2024,Component,Moderate,Visual Inspection,878.64,Structural
130,72,06-04-2024,Internal,Critical,Automated Testing,878.46,Functional
702,43,20-04-2024,Component,Minor,Visual Inspection,878.23,Cosmetic
256,23,18-06-2024,Surface,Minor,Manual Testing,875.37,Structural
431,77,13-05-2024,Surface,Critical,Visual Inspection,873.59,Cosmetic
920,47,03-01-2024,Surface,Moderate,Visual Inspection,873.58,Structural
101,27,25-01-2024,Internal,Minor,Manual Testing,871.10,Cosmetic
795,83,08-03-2024,Internal,Minor,Automated Testing,866.14,Cosmetic
304,17,24-04-2024,Internal,Minor,Visual Inspection,865.96,Functional
314,36,19-02-2024,Component,Minor,Automated Testing,865.30,Structural
745,97,08-05-2024,Internal,Moderate,Visual Inspection,862.70,Structural
860,10,24-06-2024,Component,Moderate,Visual Inspection,862.64,Cosmetic
785,63,07-04-2024,Surface,Moderate,Visual Inspection,861.84,Cosmetic
973,14,14-06-2024,Surface,Critical,Automated Testing,859.52,Structural
818,82,06-03-2024,Component,Critical,Visual Inspection,858.99,Functional
841,49,25-01-2024,Component,Minor,Manual Testing,857.55,Functional
538,1,11-05-2024,Component,Moderate,Automated Testing,856.33,Functional
180,64,07-01-2024,Component,Minor,Manual Testing,854.25,Structural
9,30,26-01-2024,Component,Critical,Manual Testing,848.61,Structural
69,33,19-05-2024,Component,Moderate,Automated Testing,845.80,Cosmetic
981,75,16-01-2024,Internal,Minor,Manual Testing,843.66,Functional
222,28,12-02-2024,Component,Critical,Automated Testing,842.93,Cosmetic
354,26,13-03-2024,Surface,Minor,Manual Testing,842.37,Structural
731,37,30-05-2024,Component,Moderate,Manual Testing,840.24,Cosmetic
824,45,13-02-2024,Component,Minor,Automated Testing,838.89,Functional
610,81,12-05-2024,Internal,Minor,Manual Testing,837.90,Cosmetic
656,63,21-06-2024,Surface,Minor,Visual Inspection,836.11,Structural
3,84,15-02-2024,Internal,Minor,Automated Testing,835.81,Cosmetic
425,88,25-02-2024,Component,Moderate,Visual Inspection,834.57,Functional
833,90,15-02-2024,Component,Minor,Visual Inspection,833.94,Cosmetic
471,89,24-03-2024,Internal,Minor,Manual Testing,833.02,Cosmetic
21,67,03-05-2024,Surface,Minor,Visual Inspection,831.43,Cosmetic
64,2,11-01-2024,Surface,Minor,Automated Testing,830.89,Functional
781,10,30-05-2024,Component,Minor,Manual Testing,830.39,Structural
420,56,20-04-2024,Surface,Critical,Automated Testing,829.49,Structural
81,69,14-03-2024,Surface,Minor,Manual Testing,827.74,Structural
943,79,17-04-2024,Internal,Moderate,Manual Testing,827.64,Functional
563,56,13-02-2024,Component,Minor,Automated Testing,826.59,Structural
535,88,21-03-2024,Internal,Critical,Automated Testing,825.57,Structural
348,29,18-04-2024,Component,Critical,Visual Inspection,825.33,Functional
205,17,28-05-2024,Component,Critical,Automated Testing,824.37,Functional
46,36,24-04-2024,Surface,Moderate,Manual Testing,824.30,Structural
666,45,03-01-2024,Component,Critical,Visual Inspection,824.28,Functional
5,14,26-04-2024,Component,Minor,Manual Testing,823.64,Structural
494,31,01-03-2024,Internal,Critical,Visual Inspection,823.59,Structural
244,67,04-06-2024,Surface,Moderate,Visual Inspection,822.12,Cosmetic
292,16,04-02-2024,Surface,Minor,Automated Testing,818.54,Structural
444,63,08-02-2024,Internal,Moderate,Manual Testing,816.09,Cosmetic
658,94,09-06-2024,Surface,Moderate,Visual Inspection,814.84,Functional
112,9,12-01-2024,Component,Minor,Automated Testing,813.46,Cosmetic
996,25,01-03-2024,Component,Minor,Automated Testing,813.14,Functional
553,12,10-01-2024,Surface,Critical,Manual Testing,811.65,Cosmetic
403,6,09-05-2024,Surface,Minor,Manual Testing,810.57,Structural
406,39,11-04-2024,Component,Moderate,Visual Inspection,810.44,Structural
621,61,10-04-2024,Surface,Critical,Manual Testing,808.85,Structural
993,83,14-03-2024,Internal,Critical,Manual Testing,808.65,Cosmetic
976,79,18-05-2024,Component,Moderate,Visual Inspection,807.32,Cosmetic
453,86,17-05-2024,Component,Moderate,Manual Testing,803.65,Structural
616,81,09-03-2024,Internal,Critical,Manual Testing,803.54,Cosmetic
783,73,09-04-2024,Internal,Moderate,Automated Testing,800.91,Cosmetic
385,83,10-01-2024,Internal,Moderate,Automated Testing,800.76,Structural
842,32,13-01-2024,Surface,Minor,Automated Testing,800.23,Structural
884,4,01-04-2024,Internal,Minor,Manual Testing,800.02,Functional
267,57,04-06-2024,Surface,Moderate,Manual Testing,798.16,Structural
530,98,02-02-2024,Surface,Critical,Automated Testing,798.12,Functional
858,51,12-05-2024,Surface,Minor,Visual Inspection,797.39,Functional
165,30,06-05-2024,Component,Critical,Automated Testing,796.76,Functional
922,90,17-03-2024,Component,Minor,Visual Inspection,793.46,Functional
207,69,22-04-2024,Internal,Critical,Automated Testing,793.30,Functional
808,99,30-03-2024,Component,Minor,Visual Inspection,792.57,Structural
468,98,26-03-2024,Internal,Minor,Visual Inspection,791.72,Functional
510,35,24-05-2024,Internal,Critical,Automated Testing,790.76,Cosmetic
863,46,16-03-2024,Surface,Critical,Automated Testing,789.92,Structural
169,70,03-06-2024,Surface,Critical,Manual Testing,789.62,Functional
705,54,03-02-2024,Internal,Moderate,Automated Testing,789.51,Structural
744,30,10-06-2024,Component,Minor,Manual Testing,789.34,Cosmetic
157,96,07-05-2024,Surface,Minor,Manual Testing,788.22,Functional
6,17,11-05-2024,Internal,Moderate,Visual Inspection,788.11,Cosmetic
103,87,31-05-2024,Internal,Critical,Visual Inspection,787.42,Functional
393,24,09-06-2024,Surface,Critical,Visual Inspection,786.60,Functional
148,84,29-01-2024,Internal,Critical,Automated Testing,783.88,Functional
201,8,04-01-2024,Surface,Critical,Automated Testing,783.36,Cosmetic
708,22,09-04-2024,Component,Minor,Manual Testing,781.35,Functional
630,95,23-06-2024,Component,Moderate,Visual Inspection,780.89,Structural
891,90,17-06-2024,Internal,Minor,Manual Testing,780.69,Cosmetic
446,60,20-01-2024,Component,Moderate,Automated Testing,780.05,Functional
627,24,15-05-2024,Component,Minor,Automated Testing,779.02,Functional
221,49,11-06-2024,Component,Critical,Manual Testing,777.18,Functional
36,20,04-06-2024,Surface,Critical,Automated Testing,776.91,Structural
88,9,09-02-2024,Component,Critical,Visual Inspection,776.54,Structural
499,60,01-04-2024,Surface,Moderate,Visual Inspection,775.91,Functional
999,96,21-06-2024,Internal,Moderate,Manual Testing,775.63,Structural
377,97,16-01-2024,Component,Moderate,Automated Testing,773.47,Structural
257,47,03-06-2024,Surface,Minor,Manual Testing,772.77,Cosmetic
66,31,24-05-2024,Internal,Minor,Visual Inspection,771.96,Cosmetic
625,98,24-06-2024,Internal,Critical,Automated Testing,770.66,Cosmetic
511,12,20-06-2024,Internal,Moderate,Manual Testing,769.88,Structural
560,94,09-01-2024,Surface,Moderate,Manual Testing,769.57,Functional
878,13,20-05-2024,Internal,Critical,Automated Testing,769.34,Structural
47,79,14-02-2024,Component,Critical,Manual Testing,769.28,Structural
249,13,16-05-2024,Surface,Moderate,Manual Testing,768.39,Functional
711,36,28-05-2024,Internal,Minor,Manual Testing,767.74,Functional
758,12,22-01-2024,Internal,Moderate,Automated Testing,765.19,Structural
466,57,05-01-2024,Surface,Critical,Visual Inspection,764.59,Cosmetic
715,27,21-04-2024,Surface,Moderate,Manual Testing,763.50,Structural
697,51,02-04-2024,Surface,Critical,Manual Testing,762.32,Cosmetic
849,100,01-06-2024,Component,Critical,Visual Inspection,761.38,Structural
139,58,24-06-2024,Surface,Critical,Visual Inspection,760.33,Structural
506,66,05-05-2024,Internal,Critical,Visual Inspection,759.53,Cosmetic
647,11,03-05-2024,Component,Moderate,Automated Testing,758.91,Structural
344,81,06-02-2024,Component,Moderate,Visual Inspection,756.85,Cosmetic
178,51,17-01-2024,Internal,Minor,Visual Inspection,755.15,Functional
34,58,19-06-2024,Surface,Critical,Manual Testing,753.89,Functional
767,81,23-03-2024,Component,Minor,Automated Testing,753.70,Cosmetic
869,55,08-06-2024,Surface,Critical,Manual Testing,753.60,Structural
437,82,06-05-2024,Component,Minor,Automated Testing,752.80,Structural
332,7,16-05-2024,Component,Minor,Automated Testing,751.73,Structural
447,58,09-01-2024,Internal,Minor,Automated Testing,750.51,Functional
689,56,09-03-2024,Surface,Critical,Manual Testing,749.31,Structural
937,94,18-04-2024,Internal,Critical,Manual Testing,749.05,Functional
761,67,05-01-2024,Component,Critical,Automated Testing,749.01,Functional
423,66,04-01-2024,Internal,Critical,Automated Testing,748.29,Functional
149,41,25-01-2024,Surface,Moderate,Automated Testing,747.18,Structural
722,76,10-03-2024,Internal,Minor,Manual Testing,746.64,Structural
835,69,02-01-2024,Surface,Critical,Automated Testing,744.80,Structural
949,60,11-04-2024,Surface,Critical,Automated Testing,743.44,Functional
394,37,04-05-2024,Internal,Moderate,Manual Testing,740.36,Functional
362,45,20-06-2024,Surface,Minor,Manual Testing,739.69,Cosmetic
947,6,03-03-2024,Internal,Moderate,Visual Inspection,739.33,Functional
27,60,08-05-2024,Component,Moderate,Manual Testing,737.54,Cosmetic
615,53,02-03-2024,Surface,Moderate,Automated Testing,736.75,Structural
875,81,18-04-2024,Component,Moderate,Manual Testing,734.65,Structural
32,25,29-03-2024,Surface,Moderate,Visual Inspection,734.12,Cosmetic
779,71,24-03-2024,Internal,Critical,Manual Testing,733.76,Functional
313,82,29-05-2024,Surface,Moderate,Visual Inspection,732.60,Cosmetic
96,11,08-03-2024,Component,Critical,Manual Testing,732.13,Functional
888,17,16-04-2024,Component,Critical,Automated Testing,729.83,Functional
70,17,19-02-2024,Component,Minor,Manual Testing,729.55,Structural
307,30,19-06-2024,Component,Minor,Visual Inspection,728.39,Functional
237,31,30-06-2024,Component,Moderate,Visual Inspection,728.13,Cosmetic
230,88,28-01-2024,Component,Minor,Manual Testing,727.86,Structural
980,39,29-02-2024,Internal,Moderate,Visual Inspection,725.44,Cosmetic
579,100,12-04-2024,Internal,Minor,Manual Testing,722.21,Structural
804,13,06-01-2024,Surface,Minor,Visual Inspection,720.18,Structural
119,99,05-03-2024,Surface,Minor,Visual Inspection,717.21,Structural
439,63,13-03-2024,Surface,Moderate,Visual Inspection,716.26,Structural
174,51,29-05-2024,Surface,Critical,Automated Testing,715.22,Structural
13,87,20-06-2024,Component,Minor,Visual Inspection,714.63,Structural
725,15,27-03-2024,Surface,Minor,Visual Inspection,713.29,Structural
83,69,11-04-2024,Surface,Critical,Visual Inspection,712.98,Functional
983,76,16-05-2024,Surface,Moderate,Automated Testing,712.12,Structural
243,5,18-06-2024,Internal,Moderate,Manual Testing,711.77,Structural
709,79,10-03-2024,Component,Minor,Automated Testing,711.60,Cosmetic
902,60,12-03-2024,Component,Minor,Manual Testing,709.87,Structural
970,33,28-01-2024,Internal,Minor,Visual Inspection,708.97,Structural
498,87,17-06-2024,Internal,Moderate,Visual Inspection,707.21,Structural
449,7,10-03-2024,Component,Moderate,Visual Inspection,705.47,Cosmetic
550,27,26-05-2024,Surface,Minor,Automated Testing,704.44,Cosmetic
628,23,04-01-2024,Surface,Moderate,Automated Testing,704.06,Functional
657,73,27-03-2024,Surface,Critical,Manual Testing,703.94,Structural
493,58,09-06-2024,Component,Critical,Manual Testing,702.09,Cosmetic
613,68,08-01-2024,Surface,Moderate,Visual Inspection,700.72,Functional
455,50,30-03-2024,Component,Moderate,Manual Testing,699.69,Functional
93,10,01-04-2024,Surface,Minor,Automated Testing,698.89,Cosmetic
777,59,31-05-2024,Component,Moderate,Visual Inspection,698.16,Structural
349,45,20-01-2024,Surface,Minor,Automated Testing,697.77,Functional
419,61,13-02-2024,Component,Minor,Visual Inspection,694.29,Cosmetic
987,26,22-05-2024,Internal,Minor,Visual Inspection,694.09,Structural
374,5,13-06-2024,Internal,Moderate,Visual Inspection,694.03,Structural
850,10,24-06-2024,Component,Moderate,Automated Testing,693.41,Structural
826,8,26-01-2024,Component,Minor,Manual Testing,693.38,Cosmetic
365,40,10-04-2024,Component,Minor,Manual Testing,692.10,Cosmetic
481,66,02-06-2024,Surface,Critical,Automated Testing,689.42,Cosmetic
752,81,12-05-2024,Surface,Moderate,Automated Testing,688.91,Functional
895,64,09-01-2024,Internal,Minor,Visual Inspection,687.38,Cosmetic
815,65,21-06-2024,Surface,Moderate,Visual Inspection,686.02,Cosmetic
964,45,13-02-2024,Component,Critical,Manual Testing,685.35,Functional
608,5,25-03-2024,Surface,Minor,Automated Testing,685.30,Functional
698,34,29-03-2024,Component,Moderate,Visual Inspection,684.85,Functional
547,10,25-02-2024,Surface,Moderate,Visual Inspection,684.16,Structural
476,86,01-02-2024,Internal,Critical,Visual Inspection,683.68,Functional
667,12,02-06-2024,Surface,Minor,Visual Inspection,680.74,Structural
141,28,06-01-2024,Internal,Minor,Visual Inspection,679.88,Functional
618,92,29-02-2024,Component,Minor,Manual Testing,678.59,Functional
117,64,11-01-2024,Surface,Moderate,Visual Inspection,677.65,Cosmetic
546,17,15-01-2024,Component,Minor,Manual Testing,677.64,Structural
61,60,11-06-2024,Component,Critical,Visual Inspection,675.89,Functional
268,48,05-01-2024,Component,Critical,Manual Testing,674.23,Structural
100,8,24-04-2024,Surface,Minor,Visual Inspection,673.85,Functional
276,46,13-01-2024,Surface,Moderate,Manual Testing,672.89,Functional
59,79,10-03-2024,Internal,Critical,Automated Testing,671.22,Functional
509,91,21-04-2024,Internal,Critical,Automated Testing,670.09,Functional
463,75,15-03-2024,Surface,Minor,Automated Testing,669.62,Structural
460,66,11-06-2024,Component,Minor,Visual Inspection,668.05,Cosmetic
395,81,05-03-2024,Surface,Critical,Automated Testing,667.24,Cosmetic
707,86,14-03-2024,Surface,Critical,Automated Testing,667.18,Cosmetic
581,9,20-06-2024,Internal,Moderate,Manual Testing,666.31,Cosmetic
930,52,14-05-2024,Component,Critical,Automated Testing,664.52,Structural
584,42,29-06-2024,Component,Minor,Visual Inspection,663.53,Cosmetic
242,13,08-02-2024,Component,Critical,Automated Testing,663.49,Functional
600,46,21-04-2024,Component,Critical,Manual Testing,663.35,Cosmetic
73,15,20-05-2024,Internal,Minor,Visual Inspection,662.35,Functional
159,77,19-05-2024,Internal,Moderate,Automated Testing,661.80,Functional
86,70,14-01-2024,Component,Moderate,Automated Testing,660.05,Structural
340,95,23-06-2024,Component,Minor,Visual Inspection,658.47,Cosmetic
296,93,14-03-2024,Component,Moderate,Manual Testing,658.16,Functional
123,79,04-02-2024,Internal,Minor,Manual Testing,657.81,Cosmetic
769,83,26-06-2024,Component,Minor,Visual Inspection,655.26,Cosmetic
426,62,23-05-2024,Internal,Critical,Manual Testing,655.02,Structural
979,1,11-01-2024,Internal,Critical,Manual Testing,652.97,Cosmetic
473,38,25-02-2024,Internal,Minor,Manual Testing,652.85,Functional
311,38,08-04-2024,Internal,Minor,Manual Testing,651.35,Functional
859,25,25-03-2024,Internal,Minor,Manual Testing,651.04,Structural
867,9,16-03-2024,Surface,Minor,Automated Testing,649.87,Cosmetic
98,67,10-03-2024,Component,Moderate,Visual Inspection,647.70,Functional
487,26,13-03-2024,Internal,Critical,Manual Testing,647.11,Cosmetic
649,76,11-01-2024,Internal,Moderate,Visual Inspection,647.01,Cosmetic
555,4,06-03-2024,Component,Minor,Automated Testing,644.51,Functional
490,12,11-03-2024,Internal,Minor,Manual Testing,643.98,Functional
120,80,08-03-2024,Component,Critical,Manual Testing,641.58,Functional
624,56,09-01-2024,Internal,Critical,Visual Inspection,638.80,Structural
229,30,24-03-2024,Surface,Critical,Manual Testing,638.28,Structural
410,5,13-03-2024,Surface,Moderate,Visual Inspection,636.39,Functional
275,71,29-05-2024,Surface,Moderate,Manual Testing,634.26,Structural
77,64,06-02-2024,Component,Critical,Manual Testing,632.45,Functional
732,44,21-02-2024,Internal,Minor,Automated Testing,630.50,Functional
25,13,19-02-2024,Surface,Moderate,Manual Testing,629.71,Functional
200,78,04-04-2024,Surface,Moderate,Visual Inspection,629.38,Functional
900,84,16-02-2024,Surface,Critical,Manual Testing,628.29,Structural
975,3,01-01-2024,Component,Moderate,Automated Testing,626.35,Structural
323,44,08-06-2024,Internal,Minor,Automated Testing,624.98,Cosmetic
514,93,19-05-2024,Component,Minor,Visual Inspection,624.75,Functional
754,17,13-01-2024,Component,Minor,Manual Testing,624.69,Structural
220,29,05-04-2024,Surface,Minor,Manual Testing,624.22,Functional
407,10,30-05-2024,Internal,Critical,Visual Inspection,623.76,Functional
459,64,26-02-2024,Component,Moderate,Automated Testing,623.52,Structural
217,10,28-05-2024,Surface,Critical,Automated Testing,622.98,Structural
124,100,27-03-2024,Internal,Moderate,Manual Testing,620.66,Cosmetic
545,21,17-06-2024,Component,Minor,Visual Inspection,619.02,Cosmetic
474,62,04-02-2024,Component,Moderate,Automated Testing,618.88,Cosmetic
500,100,19-04-2024,Surface,Moderate,Manual Testing,617.36,Cosmetic
771,97,13-01-2024,Internal,Critical,Manual Testing,617.35,Functional
720,77,02-02-2024,Internal,Moderate,Manual Testing,617.24,Cosmetic
258,78,07-05-2024,Component,Minor,Automated Testing,617.12,Structural
544,56,12-01-2024,Component,Minor,Automated Testing,615.43,Structural
764,40,26-04-2024,Internal,Minor,Visual Inspection,615.24,Functional
162,56,09-02-2024,Component,Moderate,Manual Testing,614.11,Structural
477,38,23-02-2024,Component,Critical,Visual Inspection,613.47,Structural
962,78,30-01-2024,Component,Critical,Manual Testing,612.25,Structural
161,56,21-05-2024,Component,Minor,Visual Inspection,612.03,Functional
982,9,15-03-2024,Component,Moderate,Visual Inspection,611.80,Functional
280,27,23-04-2024,Surface,Critical,Visual Inspection,611.37,Cosmetic
967,81,13-03-2024,Internal,Moderate,Manual Testing,610.75,Functional
765,70,26-04-2024,Component,Minor,Visual Inspection,610.26,Functional
413,20,05-04-2024,Internal,Minor,Visual Inspection,608.64,Cosmetic
440,78,03-03-2024,Surface,Critical,Visual Inspection,608.46,Functional
37,68,20-01-2024,Internal,Critical,Manual Testing,607.96,Structural
272,65,09-04-2024,Internal,Minor,Manual Testing,606.91,Functional
936,7,03-02-2024,Component,Moderate,Automated Testing,604.72,Cosmetic
14,72,08-05-2024,Surface,Critical,Manual Testing,603.94,Functional
805,23,17-04-2024,Surface,Moderate,Manual Testing,602.51,Functional
137,2,19-04-2024,Internal,Critical,Automated Testing,602.25,Cosmetic
156,56,21-05-2024,Internal,Minor,Manual Testing,595.90,Structural
28,42,02-01-2024,Component,Critical,Manual Testing,592.87,Functional
939,92,16-02-2024,Internal,Moderate,Visual Inspection,590.85,Functional
458,66,23-04-2024,Internal,Moderate,Visual Inspection,587.69,Functional
816,43,17-03-2024,Surface,Minor,Manual Testing,585.81,Structural
919,35,01-03-2024,Internal,Minor,Visual Inspection,585.78,Functional
367,21,23-01-2024,Internal,Moderate,Visual Inspection,584.90,Cosmetic
733,28,06-02-2024,Surface,Moderate,Manual Testing,584.54,Functional
97,56,15-03-2024,Component,Moderate,Automated Testing,582.46,Functional
464,81,27-01-2024,Component,Moderate,Visual Inspection,581.01,Structural
228,89,04-02-2024,Component,Moderate,Manual Testing,580.74,Structural
305,35,12-06-2024,Component,Minor,Visual Inspection,578.28,Structural
363,12,20-06-2024,Internal,Minor,Visual Inspection,577.64,Cosmetic
873,5,05-01-2024,Surface,Critical,Visual Inspection,577.39,Cosmetic
904,4,08-04-2024,Surface,Moderate,Visual Inspection,577.20,Functional
587,68,03-02-2024,Surface,Moderate,Manual Testing,576.57,Functional
812,76,18-03-2024,Internal,Critical,Automated Testing,576.28,Structural
990,45,11-06-2024,Component,Critical,Manual Testing,576.07,Functional
138,11,05-03-2024,Component,Critical,Automated Testing,575.71,Functional
215,38,07-01-2024,Internal,Critical,Manual Testing,575.58,Cosmetic
634,94,23-05-2024,Internal,Minor,Visual Inspection,575.47,Structural
435,41,08-04-2024,Surface,Moderate,Visual Inspection,575.15,Functional
373,92,11-01-2024,Surface,Moderate,Manual Testing,573.22,Functional
531,82,08-02-2024,Internal,Critical,Visual Inspection,572.74,Structural
50,9,06-01-2024,Component,Moderate,Manual Testing,572.08,Structural
788,41,25-01-2024,Component,Critical,Automated Testing,571.65,Functional
953,81,27-03-2024,Surface,Minor,Manual Testing,571.61,Structural
461,95,02-03-2024,Internal,Minor,Visual Inspection,571.02,Functional
316,28,09-06-2024,Surface,Critical,Manual Testing,567.72,Cosmetic
574,5,21-01-2024,Component,Critical,Visual Inspection,565.86,Cosmetic
972,97,04-01-2024,Surface,Critical,Manual Testing,565.48,Functional
578,26,09-06-2024,Component,Minor,Visual Inspection,564.82,Structural
390,1,19-05-2024,Surface,Critical,Automated Testing,564.46,Structural
643,27,17-06-2024,Component,Minor,Visual Inspection,563.94,Cosmetic
198,28,14-04-2024,Surface,Minor,Manual Testing,561.27,Functional
829,90,12-02-2024,Internal,Critical,Automated Testing,561.22,Functional
24,15,23-02-2024,Component,Critical,Visual Inspection,560.39,Structural
144,45,18-06-2024,Internal,Moderate,Manual Testing,558.34,Structural
277,56,22-05-2024,Internal,Minor,Visual Inspection,557.67,Structural
632,72,04-05-2024,Internal,Minor,Automated Testing,557.57,Cosmetic
20,81,25-05-2024,Internal,Moderate,Manual Testing,557.11,Functional
854,14,30-06-2024,Surface,Minor,Visual Inspection,556.73,Functional
291,67,22-04-2024,Surface,Moderate,Automated Testing,556.42,Cosmetic
84,11,24-06-2024,Component,Critical,Manual Testing,556.05,Structural
94,72,02-02-2024,Internal,Critical,Visual Inspection,555.25,Functional
562,72,15-01-2024,Internal,Moderate,Manual Testing,554.98,Functional
773,57,30-03-2024,Component,Minor,Automated Testing,552.30,Functional
721,44,26-04-2024,Component,Moderate,Manual Testing,552.00,Functional
759,40,23-03-2024,Surface,Moderate,Manual Testing,551.79,Structural
695,97,20-04-2024,Component,Moderate,Visual Inspection,547.02,Structural
629,43,16-04-2024,Internal,Critical,Visual Inspection,546.42,Functional
797,62,09-06-2024,Surface,Moderate,Visual Inspection,545.72,Structural
250,65,07-06-2024,Component,Moderate,Manual Testing,545.52,Structural
796,83,08-05-2024,Component,Minor,Visual Inspection,545.23,Structural
751,42,14-01-2024,Component,Minor,Manual Testing,543.93,Functional
186,21,29-03-2024,Component,Critical,Manual Testing,540.92,Functional
428,61,26-03-2024,Internal,Critical,Visual Inspection,539.50,Structural
18,63,21-05-2024,Component,Critical,Visual Inspection,538.99,Functional
622,87,06-01-2024,Internal,Minor,Manual Testing,537.35,Structural
99,67,08-04-2024,Component,Critical,Visual Inspection,536.57,Functional
548,90,26-03-2024,Internal,Critical,Automated Testing,536.37,Functional
840,95,16-02-2024,Surface,Moderate,Automated Testing,536.08,Structural
712,74,30-03-2024,Surface,Minor,Visual Inspection,535.88,Cosmetic
918,24,01-06-2024,Component,Moderate,Visual Inspection,535.87,Cosmetic
950,23,23-02-2024,Surface,Critical,Automated Testing,534.79,Functional
43,72,23-03-2024,Surface,Moderate,Visual Inspection,534.33,Functional
496,6,16-01-2024,Internal,Critical,Visual Inspection,533.14,Structural
125,86,10-03-2024,Surface,Critical,Visual Inspection,533.03,Cosmetic
160,91,17-05-2024,Surface,Moderate,Manual Testing,532.77,Functional
179,44,23-04-2024,Surface,Moderate,Automated Testing,532.60,Structural
693,95,26-06-2024,Component,Minor,Manual Testing,531.40,Cosmetic
398,3,20-02-2024,Surface,Minor,Manual Testing,529.16,Cosmetic
763,44,24-04-2024,Component,Minor,Automated Testing,527.76,Cosmetic
843,97,30-04-2024,Surface,Moderate,Visual Inspection,526.93,Functional
41,63,11-03-2024,Component,Minor,Manual Testing,526.08,Functional
885,28,07-06-2024,Surface,Critical,Visual Inspection,525.36,Cosmetic
192,95,21-03-2024,Component,Critical,Visual Inspection,525.07,Functional
571,47,19-04-2024,Surface,Critical,Manual Testing,524.50,Cosmetic
968,92,03-03-2024,Internal,Moderate,Visual Inspection,523.61,Structural
62,43,08-03-2024,Component,Moderate,Visual Inspection,523.02,Structural
121,86,09-06-2024,Internal,Minor,Manual Testing,520.84,Cosmetic
513,11,23-03-2024,Surface,Moderate,Visual Inspection,520.44,Structural
214,42,02-01-2024,Surface,Minor,Manual Testing,520.21,Cosmetic
443,16,25-06-2024,Internal,Critical,Automated Testing,519.15,Cosmetic
184,14,09-02-2024,Internal,Moderate,Visual Inspection,517.63,Cosmetic
168,14,29-06-2024,Surface,Critical,Visual Inspection,517.41,Cosmetic
479,32,07-06-2024,Component,Critical,Visual Inspection,515.94,Functional
320,45,05-01-2024,Component,Minor,Visual Inspection,515.07,Functional
772,1,11-06-2024,Surface,Critical,Manual Testing,514.52,Functional
91,98,07-03-2024,Surface,Critical,Manual Testing,513.45,Functional
551,87,15-04-2024,Surface,Minor,Automated Testing,512.02,Structural
917,66,04-01-2024,Component,Critical,Automated Testing,511.65,Structural
387,84,14-02-2024,Surface,Critical,Manual Testing,510.38,Functional
74,43,04-04-2024,Component,Critical,Visual Inspection,509.97,Functional
17,53,14-05-2024,Internal,Minor,Visual Inspection,509.35,Cosmetic
573,46,27-02-2024,Internal,Critical,Visual Inspection,508.94,Cosmetic
747,52,03-03-2024,Surface,Minor,Visual Inspection,507.39,Functional
877,67,04-02-2024,Component,Minor,Automated Testing,505.47,Structural
22,6,06-03-2024,Surface,Minor,Visual Inspection,504.90,Structural
586,97,11-03-2024,Surface,Critical,Automated Testing,503.25,Cosmetic
279,19,17-02-2024,Internal,Minor,Visual Inspection,503.24,Cosmetic
151,61,07-06-2024,Component,Minor,Visual Inspection,502.15,Structural
281,69,24-01-2024,Surface,Minor,Visual Inspection,501.54,Structural
401,34,19-04-2024,Internal,Critical,Automated Testing,500.88,Cosmetic
938,38,08-04-2024,Surface,Minor,Manual Testing,499.34,Functional
134,98,03-02-2024,Surface,Moderate,Visual Inspection,498.71,Structural
114,83,25-01-2024,Component,Critical,Manual Testing,498.47,Functional
539,15,12-05-2024,Internal,Moderate,Manual Testing,497.65,Cosmetic
853,12,05-05-2024,Surface,Moderate,Automated Testing,497.38,Cosmetic
670,15,19-02-2024,Component,Critical,Visual Inspection,496.72,Cosmetic
515,3,22-03-2024,Internal,Moderate,Manual Testing,496.27,Structural
529,54,02-01-2024,Surface,Minor,Manual Testing,496.10,Structural
306,39,13-02-2024,Surface,Critical,Visual Inspection,495.87,Functional
359,27,17-02-2024,Internal,Critical,Automated Testing,495.53,Cosmetic
132,63,23-04-2024,Surface,Critical,Visual Inspection,492.32,Cosmetic
90,58,17-02-2024,Internal,Moderate,Visual Inspection,492.22,Functional
739,98,04-02-2024,Component,Moderate,Manual Testing,491.28,Functional
317,31,09-01-2024,Surface,Moderate,Visual Inspection,490.53,Structural
429,15,19-06-2024,Component,Moderate,Visual Inspection,487.41,Structural
931,81,04-02-2024,Internal,Critical,Automated Testing,486.49,Functional
876,31,31-03-2024,Surface,Critical,Manual Testing,485.93,Cosmetic
594,96,14-01-2024,Surface,Moderate,Automated Testing,485.27,Functional
954,46,17-06-2024,Surface,Moderate,Visual Inspection,485.10,Structural
12,86,25-02-2024,Component,Minor,Manual Testing,485.02,Structural
218,21,10-05-2024,Internal,Critical,Visual Inspection,484.08,Functional
225,64,23-04-2024,Component,Moderate,Visual Inspection,484.04,Structural
197,76,28-05-2024,Internal,Moderate,Automated Testing,481.70,Functional
445,65,23-03-2024,Component,Minor,Manual Testing,481.11,Cosmetic
353,29,14-06-2024,Component,Critical,Manual Testing,480.07,Structural
951,2,08-06-2024,Internal,Moderate,Visual Inspection,479.56,Cosmetic
680,5,19-01-2024,Component,Moderate,Visual Inspection,479.38,Cosmetic
219,92,26-04-2024,Component,Critical,Manual Testing,479.31,Structural
334,10,15-03-2024,Internal,Critical,Manual Testing,478.75,Functional
606,63,13-04-2024,Surface,Minor,Manual Testing,478.60,Cosmetic
10,20,05-06-2024,Component,Critical,Visual Inspection,478.48,Structural
635,60,14-06-2024,Component,Minor,Automated Testing,478.44,Cosmetic
677,2,04-01-2024,Component,Critical,Visual Inspection,478.44,Cosmetic
210,59,25-01-2024,Surface,Minor,Automated Testing,478.17,Cosmetic
415,7,12-06-2024,Component,Critical,Automated Testing,477.58,Functional
402,41,23-02-2024,Internal,Minor,Manual Testing,477.42,Structural
645,33,07-06-2024,Component,Critical,Automated Testing,474.62,Cosmetic
409,46,05-03-2024,Surface,Minor,Automated Testing,474.48,Structural
209,76,20-05-2024,Internal,Moderate,Manual Testing,473.36,Functional
757,40,17-03-2024,Surface,Moderate,Manual Testing,472.15,Cosmetic
246,81,30-03-2024,Surface,Minor,Automated Testing,471.55,Functional
343,96,30-01-2024,Component,Minor,Visual Inspection,471.43,Cosmetic
312,47,23-02-2024,Component,Minor,Manual Testing,471.27,Structural
691,4,31-05-2024,Internal,Critical,Manual Testing,470.43,Functional
72,35,29-06-2024,Component,Moderate,Automated Testing,470.35,Structural
749,64,17-06-2024,Component,Minor,Visual Inspection,466.97,Functional
470,76,22-02-2024,Component,Minor,Visual Inspection,466.92,Functional
421,79,09-01-2024,Internal,Minor,Visual Inspection,466.04,Functional
95,36,16-05-2024,Component,Moderate,Manual Testing,465.92,Functional
158,96,16-01-2024,Surface,Critical,Visual Inspection,465.74,Functional
418,81,23-03-2024,Internal,Moderate,Manual Testing,464.04,Structural
212,69,07-05-2024,Surface,Moderate,Automated Testing,460.93,Cosmetic
696,84,06-01-2024,Component,Moderate,Visual Inspection,459.29,Cosmetic
16,10,20-01-2024,Component,Minor,Automated Testing,458.79,Functional
44,24,18-05-2024,Surface,Minor,Visual Inspection,456.80,Cosmetic
887,95,29-05-2024,Component,Moderate,Manual Testing,452.93,Functional
650,32,21-05-2024,Internal,Moderate,Manual Testing,451.58,Functional
852,7,02-03-2024,Internal,Moderate,Visual Inspection,451.50,Structural
791,94,15-04-2024,Surface,Minor,Automated Testing,451.46,Cosmetic
903,88,24-05-2024,Surface,Minor,Automated Testing,450.31,Functional
856,20,01-02-2024,Surface,Critical,Manual Testing,450.18,Structural
518,4,28-03-2024,Internal,Critical,Automated Testing,449.63,Functional
828,25,12-05-2024,Surface,Critical,Manual Testing,446.66,Cosmetic
263,96,03-05-2024,Internal,Minor,Manual Testing,446.61,Functional
862,63,16-02-2024,Component,Critical,Visual Inspection,445.47,Structural
4,10,28-03-2024,Internal,Critical,Automated Testing,444.47,Cosmetic
361,19,07-06-2024,Component,Moderate,Manual Testing,444.31,Functional
274,83,05-02-2024,Surface,Critical,Manual Testing,444.10,Functional
910,43,29-02-2024,Surface,Moderate,Manual Testing,443.75,Structural
326,97,29-04-2024,Component,Minor,Manual Testing,441.18,Functional
978,57,29-01-2024,Component,Moderate,Automated Testing,440.85,Structural
233,53,17-03-2024,Surface,Minor,Visual Inspection,440.58,Structural
716,86,05-04-2024,Surface,Minor,Visual Inspection,438.58,Structural
424,27,27-03-2024,Component,Moderate,Visual Inspection,438.54,Functional
845,50,27-02-2024,Component,Moderate,Automated Testing,438.29,Cosmetic
724,58,21-02-2024,Surface,Moderate,Manual Testing,437.82,Structural
893,64,07-04-2024,Surface,Minor,Manual Testing,437.25,Structural
661,48,06-02-2024,Component,Moderate,Visual Inspection,436.90,Structural
896,64,29-03-2024,Internal,Minor,Manual Testing,436.79,Cosmetic
51,10,26-06-2024,Internal,Minor,Visual Inspection,433.85,Structural
653,62,29-02-2024,Surface,Minor,Automated Testing,433.75,Structural
271,37,26-06-2024,Surface,Critical,Automated Testing,433.02,Structural
905,100,07-02-2024,Surface,Minor,Manual Testing,431.46,Structural
235,4,28-01-2024,Internal,Critical,Manual Testing,430.74,Functional
211,61,12-03-2024,Component,Critical,Manual Testing,430.49,Structural
782,92,04-04-2024,Internal,Moderate,Visual Inspection,429.08,Functional
992,7,25-01-2024,Internal,Critical,Visual Inspection,426.31,Cosmetic
153,63,09-01-2024,Surface,Minor,Manual Testing,426.04,Cosmetic
288,48,26-05-2024,Internal,Critical,Manual Testing,422.77,Structural
355,18,12-03-2024,Internal,Critical,Manual Testing,422.03,Cosmetic
287,14,31-01-2024,Internal,Critical,Manual Testing,421.51,Functional
736,63,21-01-2024,Component,Minor,Automated Testing,420.57,Functional
607,75,30-05-2024,Component,Minor,Visual Inspection,419.58,Cosmetic
839,26,11-05-2024,Surface,Critical,Automated Testing,418.17,Structural
350,33,18-05-2024,Component,Moderate,Visual Inspection,417.10,Cosmetic
664,47,26-01-2024,Surface,Critical,Visual Inspection,416.20,Structural
150,53,22-03-2024,Surface,Critical,Manual Testing,415.84,Functional
855,31,07-02-2024,Component,Critical,Visual Inspection,414.41,Functional
505,92,11-04-2024,Surface,Minor,Visual Inspection,411.90,Structural
589,8,03-03-2024,Internal,Moderate,Visual Inspection,410.72,Cosmetic
741,91,06-04-2024,Internal,Minor,Visual Inspection,409.99,Cosmetic
319,56,23-02-2024,Component,Moderate,Visual Inspection,409.72,Structural
924,2,16-06-2024,Component,Minor,Manual Testing,409.43,Cosmetic
450,80,23-04-2024,Internal,Minor,Automated Testing,406.28,Functional
264,39,29-01-2024,Surface,Minor,Manual Testing,406.06,Structural
489,57,10-05-2024,Internal,Minor,Visual Inspection,405.89,Structural
577,1,21-04-2024,Surface,Critical,Visual Inspection,404.22,Cosmetic
384,98,05-05-2024,Internal,Critical,Automated Testing,404.15,Cosmetic
998,17,16-01-2024,Component,Minor,Automated Testing,401.12,Functional
669,3,10-01-2024,Surface,Moderate,Manual Testing,400.79,Functional
591,90,09-02-2024,Surface,Moderate,Manual Testing,400.31,Functional
989,11,01-01-2024,Component,Critical,Visual Inspection,398.32,Functional
534,14,11-04-2024,Surface,Minor,Visual Inspection,398.17,Cosmetic
55,29,23-03-2024,Internal,Critical,Automated Testing,396.58,Structural
681,8,16-01-2024,Internal,Critical,Visual Inspection,395.56,Structural
798,77,10-05-2024,Component,Critical,Visual Inspection,395.56,Cosmetic
60,87,18-02-2024,Surface,Minor,Visual Inspection,395.10,Cosmetic
746,93,09-02-2024,Component,Minor,Manual Testing,395.02,Functional
576,99,10-04-2024,Surface,Critical,Automated Testing,394.88,Structural
742,51,06-01-2024,Internal,Critical,Automated Testing,391.78,Structural
609,5,06-05-2024,Internal,Critical,Visual Inspection,390.64,Structural
713,36,29-02-2024,Internal,Critical,Automated Testing,390.43,Functional
838,76,14-06-2024,Surface,Critical,Automated Testing,390.19,Functional
432,56,25-02-2024,Surface,Moderate,Automated Testing,389.21,Cosmetic
330,72,01-03-2024,Component,Moderate,Automated Testing,386.43,Structural
49,65,24-02-2024,Component,Minor,Automated Testing,386.17,Functional
181,91,29-02-2024,Internal,Minor,Automated Testing,383.83,Functional
961,3,29-03-2024,Component,Moderate,Visual Inspection,383.65,Structural
567,38,04-04-2024,Internal,Critical,Automated Testing,383.41,Functional
110,44,05-03-2024,Surface,Minor,Visual Inspection,381.15,Functional
814,79,06-01-2024,Component,Minor,Manual Testing,381.12,Cosmetic
154,75,03-05-2024,Surface,Moderate,Automated Testing,380.52,Cosmetic
133,86,20-03-2024,Surface,Moderate,Manual Testing,379.78,Cosmetic
775,22,16-05-2024,Surface,Minor,Visual Inspection,379.78,Functional
135,61,15-02-2024,Internal,Moderate,Automated Testing,379.01,Structural
366,95,04-04-2024,Internal,Critical,Visual Inspection,378.29,Cosmetic
668,33,26-02-2024,Surface,Critical,Automated Testing,376.62,Cosmetic
408,45,24-06-2024,Internal,Minor,Visual Inspection,375.28,Functional
819,63,28-02-2024,Surface,Critical,Automated Testing,373.68,Structural
807,99,28-01-2024,Surface,Minor,Automated Testing,373.64,Cosmetic
674,63,06-01-2024,Surface,Moderate,Visual Inspection,373.52,Cosmetic
541,16,29-04-2024,Component,Critical,Manual Testing,371.88,Cosmetic
40,92,06-01-2024,Surface,Critical,Visual Inspection,370.83,Cosmetic
533,49,03-04-2024,Surface,Minor,Visual Inspection,369.83,Structural
671,45,21-04-2024,Component,Moderate,Manual Testing,369.13,Cosmetic
345,61,31-05-2024,Internal,Critical,Visual Inspection,369.06,Functional
527,70,19-04-2024,Component,Minor,Manual Testing,368.94,Cosmetic
516,43,20-06-2024,Component,Moderate,Automated Testing,368.54,Cosmetic
507,81,15-01-2024,Component,Critical,Manual Testing,368.11,Cosmetic
756,77,12-06-2024,Component,Minor,Manual Testing,363.84,Structural
564,93,18-02-2024,Surface,Critical,Manual Testing,362.82,Structural
115,66,30-04-2024,Internal,Moderate,Visual Inspection,362.23,Structural
357,50,08-02-2024,Component,Critical,Visual Inspection,361.26,Functional
454,70,30-03-2024,Component,Moderate,Automated Testing,359.69,Structural
965,45,22-06-2024,Internal,Critical,Visual Inspection,358.46,Cosmetic
300,3,26-04-2024,Internal,Critical,Manual Testing,358.21,Cosmetic
299,56,26-05-2024,Surface,Minor,Visual Inspection,357.56,Functional
729,74,28-02-2024,Component,Moderate,Manual Testing,357.07,Functional
239,88,12-03-2024,Surface,Minor,Manual Testing,356.55,Structural
556,71,11-02-2024,Surface,Minor,Visual Inspection,355.85,Cosmetic
940,29,01-04-2024,Internal,Minor,Manual Testing,355.60,Structural
31,30,30-04-2024,Surface,Critical,Automated Testing,352.58,Functional
75,2,03-01-2024,Component,Critical,Manual Testing,352.33,Structural
171,74,26-04-2024,Surface,Moderate,Manual Testing,352.05,Structural
925,11,03-05-2024,Internal,Minor,Automated Testing,351.86,Functional
382,74,12-02-2024,Component,Minor,Manual Testing,351.27,Functional
286,65,19-06-2024,Internal,Critical,Visual Inspection,349.24,Structural
23,33,06-05-2024,Surface,Moderate,Automated Testing,349.23,Cosmetic
582,80,08-06-2024,Component,Moderate,Automated Testing,346.73,Cosmetic
146,43,26-04-2024,Internal,Minor,Visual Inspection,346.23,Structural
675,96,12-05-2024,Surface,Critical,Visual Inspection,345.64,Functional
865,97,14-06-2024,Surface,Critical,Visual Inspection,345.34,Structural
427,10,22-03-2024,Surface,Critical,Manual Testing,342.61,Structural
800,38,30-05-2024,Internal,Minor,Automated Testing,339.94,Structural
104,1,25-06-2024,Surface,Minor,Manual Testing,338.48,Structural
52,7,19-05-2024,Surface,Minor,Manual Testing,338.10,Cosmetic
63,52,02-01-2024,Surface,Critical,Manual Testing,337.50,Structural
484,77,10-02-2024,Internal,Minor,Manual Testing,336.75,Structural
802,98,17-03-2024,Component,Moderate,Visual Inspection,336.29,Cosmetic
227,23,23-06-2024,Surface,Minor,Visual Inspection,334.53,Functional
927,44,19-03-2024,Surface,Moderate,Visual Inspection,333.92,Structural
789,54,21-01-2024,Surface,Minor,Automated Testing,331.32,Cosmetic
688,65,18-02-2024,Surface,Minor,Manual Testing,327.88,Cosmetic
297,43,23-01-2024,Surface,Minor,Visual Inspection,326.58,Functional
346,97,14-06-2024,Surface,Minor,Manual Testing,326.19,Cosmetic
405,4,24-03-2024,Internal,Minor,Visual Inspection,325.31,Structural
660,12,28-03-2024,Internal,Minor,Visual Inspection,324.09,Cosmetic
386,60,29-01-2024,Surface,Moderate,Visual Inspection,321.45,Cosmetic
726,24,25-02-2024,Surface,Critical,Automated Testing,321.04,Functional
293,44,02-01-2024,Internal,Moderate,Automated Testing,320.62,Cosmetic
266,74,22-06-2024,Surface,Critical,Manual Testing,319.60,Cosmetic
290,35,27-02-2024,Internal,Minor,Automated Testing,319.58,Cosmetic
851,95,20-03-2024,Component,Moderate,Automated Testing,319.06,Cosmetic
755,90,01-01-2024,Component,Critical,Manual Testing,317.50,Functional
339,41,15-02-2024,Component,Moderate,Visual Inspection,312.25,Cosmetic
234,39,17-02-2024,Internal,Minor,Automated Testing,310.96,Structural
118,66,10-04-2024,Surface,Critical,Manual Testing,310.80,Structural
966,54,29-03-2024,Internal,Moderate,Visual Inspection,310.35,Functional
971,50,07-04-2024,Component,Minor,Automated Testing,309.87,Functional
605,63,27-05-2024,Surface,Moderate,Automated Testing,309.53,Functional
683,18,25-02-2024,Component,Minor,Visual Inspection,309.32,Functional
54,62,14-05-2024,Component,Moderate,Visual Inspection,308.37,Functional
189,95,23-02-2024,Surface,Minor,Manual Testing,306.56,Cosmetic
766,49,06-04-2024,Component,Moderate,Visual Inspection,305.36,Cosmetic
206,59,29-05-2024,Surface,Minor,Manual Testing,303.59,Structural
383,51,05-01-2024,Component,Critical,Visual Inspection,303.16,Structural
631,13,03-05-2024,Surface,Minor,Manual Testing,303.08,Cosmetic
111,27,06-05-2024,Component,Moderate,Manual Testing,302.42,Functional
604,100,25-03-2024,Surface,Critical,Visual Inspection,302.29,Structural
127,68,19-05-2024,Surface,Minor,Manual Testing,302.22,Cosmetic
592,7,01-06-2024,Internal,Minor,Automated Testing,301.70,Cosmetic
298,87,14-02-2024,Surface,Minor,Manual Testing,301.61,Cosmetic
58,5,25-05-2024,Component,Critical,Manual Testing,300.27,Functional
520,75,12-05-2024,Internal,Critical,Visual Inspection,300.05,Cosmetic
958,25,03-04-2024,Component,Critical,Visual Inspection,298.81,Structural
935,46,19-01-2024,Surface,Critical,Automated Testing,298.03,Structural
599,36,20-04-2024,Internal,Critical,Manual Testing,297.76,Structural
216,5,13-01-2024,Internal,Moderate,Visual Inspection,296.41,Cosmetic
451,55,02-01-2024,Internal,Critical,Manual Testing,295.41,Cosmetic
495,49,28-01-2024,Surface,Moderate,Automated Testing,294.56,Functional
303,80,25-04-2024,Component,Moderate,Visual Inspection,294.31,Structural
686,35,23-01-2024,Internal,Critical,Automated Testing,293.44,Structural
480,78,07-01-2024,Internal,Minor,Automated Testing,293.09,Structural
682,6,13-01-2024,Component,Moderate,Manual Testing,290.66,Cosmetic
282,90,20-05-2024,Surface,Minor,Manual Testing,290.23,Structural
955,85,28-02-2024,Internal,Minor,Manual Testing,289.68,Functional
626,7,19-04-2024,Component,Minor,Visual Inspection,289.27,Functional
241,80,19-03-2024,Surface,Minor,Manual Testing,288.31,Structural
92,93,30-06-2024,Component,Moderate,Automated Testing,286.28,Functional
265,54,08-06-2024,Component,Minor,Automated Testing,286.25,Structural
333,24,22-04-2024,Component,Minor,Automated Testing,285.85,Structural
986,47,08-02-2024,Internal,Moderate,Automated Testing,284.70,Cosmetic
602,74,10-02-2024,Surface,Moderate,Visual Inspection,283.60,Functional
456,20,05-04-2024,Surface,Critical,Manual Testing,281.81,Cosmetic
794,81,21-03-2024,Internal,Critical,Automated Testing,281.41,Cosmetic
187,13,27-04-2024,Internal,Critical,Visual Inspection,280.77,Cosmetic
892,4,12-05-2024,Internal,Critical,Automated Testing,280.56,Cosmetic
912,46,28-04-2024,Component,Moderate,Visual Inspection,278.60,Cosmetic
327,17,01-04-2024,Component,Critical,Manual Testing,274.09,Structural
278,34,22-06-2024,Internal,Minor,Manual Testing,272.53,Cosmetic
240,14,04-05-2024,Internal,Moderate,Visual Inspection,271.51,Cosmetic
122,51,16-04-2024,Surface,Critical,Manual Testing,271.18,Functional
82,74,02-04-2024,Component,Critical,Automated Testing,270.97,Functional
778,31,16-01-2024,Component,Critical,Manual Testing,270.70,Functional
371,74,02-01-2024,Internal,Moderate,Visual Inspection,269.99,Functional
203,22,05-04-2024,Component,Minor,Manual Testing,269.04,Cosmetic
488,51,04-04-2024,Surface,Minor,Automated Testing,268.57,Structural
328,91,08-06-2024,Surface,Moderate,Visual Inspection,268.52,Cosmetic
131,61,15-05-2024,Internal,Critical,Visual Inspection,268.08,Functional
934,62,06-05-2024,Surface,Minor,Manual Testing,267.64,Functional
597,26,19-04-2024,Internal,Critical,Automated Testing,267.51,Cosmetic
941,46,27-01-2024,Component,Minor,Visual Inspection,266.97,Cosmetic
654,86,19-06-2024,Surface,Critical,Automated Testing,264.85,Structural
646,20,14-01-2024,Surface,Moderate,Visual Inspection,263.76,Functional
512,77,06-05-2024,Internal,Critical,Automated Testing,262.60,Cosmetic
847,33,22-06-2024,Component,Moderate,Visual Inspection,261.19,Cosmetic
204,82,20-01-2024,Surface,Moderate,Visual Inspection,257.33,Structural
441,92,18-06-2024,Internal,Moderate,Automated Testing,255.47,Structural
416,53,17-05-2024,Component,Moderate,Automated Testing,252.11,Cosmetic
620,51,03-02-2024,Internal,Critical,Manual Testing,251.67,Structural
687,99,16-03-2024,Component,Minor,Visual Inspection,249.02,Cosmetic
898,58,16-05-2024,Surface,Moderate,Manual Testing,247.97,Structural
665,55,16-05-2024,Component,Minor,Manual Testing,246.83,Structural
1,15,06-06-2024,Component,Minor,Visual Inspection,245.47,Structural
341,17,03-05-2024,Surface,Minor,Manual Testing,243.25,Cosmetic
129,14,20-06-2024,Surface,Critical,Visual Inspection,241.61,Functional
325,15,15-04-2024,Internal,Moderate,Manual Testing,241.22,Structural
163,12,30-01-2024,Surface,Minor,Manual Testing,238.39,Cosmetic
295,83,29-02-2024,Surface,Critical,Manual Testing,237.65,Structural
486,97,29-03-2024,Internal,Critical,Automated Testing,236.47,Functional
434,42,12-05-2024,Surface,Minor,Manual Testing,235.97,Functional
655,91,16-03-2024,Surface,Moderate,Automated Testing,230.68,Structural
364,54,21-03-2024,Component,Minor,Visual Inspection,230.65,Functional
76,36,27-03-2024,Surface,Minor,Manual Testing,228.22,Cosmetic
830,62,12-04-2024,Surface,Moderate,Visual Inspection,227.29,Functional
929,5,27-04-2024,Surface,Critical,Visual Inspection,225.51,Cosmetic
255,63,02-01-2024,Internal,Critical,Manual Testing,225.20,Functional
485,50,29-02-2024,Surface,Minor,Manual Testing,223.73,Cosmetic
633,28,28-01-2024,Component,Minor,Manual Testing,222.11,Cosmetic
651,34,09-02-2024,Internal,Minor,Manual Testing,221.25,Functional
87,22,21-01-2024,Component,Moderate,Manual Testing,220.96,Structural
619,87,18-02-2024,Component,Moderate,Automated Testing,220.01,Structural
193,28,21-05-2024,Component,Critical,Manual Testing,219.71,Structural
11,45,28-04-2024,Surface,Moderate,Automated Testing,217.96,Functional
45,64,27-05-2024,Surface,Minor,Automated Testing,215.01,Functional
438,39,12-01-2024,Component,Critical,Visual Inspection,214.33,Functional
913,77,26-06-2024,Surface,Moderate,Automated Testing,213.48,Structural
430,72,27-06-2024,Surface,Minor,Automated Testing,212.86,Structural
790,3,10-03-2024,Internal,Critical,Manual Testing,212.40,Structural
108,97,26-01-2024,Surface,Moderate,Manual Testing,210.30,Cosmetic
870,39,04-05-2024,Internal,Critical,Visual Inspection,210.03,Functional
801,77,18-03-2024,Surface,Moderate,Visual Inspection,206.92,Structural
694,18,16-02-2024,Surface,Critical,Manual Testing,205.83,Cosmetic
57,86,06-03-2024,Internal,Moderate,Automated Testing,205.19,Cosmetic
588,40,26-02-2024,Surface,Moderate,Visual Inspection,204.60,Functional
536,8,13-05-2024,Internal,Critical,Automated Testing,201.88,Structural
558,12,13-04-2024,Internal,Minor,Visual Inspection,201.79,Structural
639,43,17-01-2024,Surface,Moderate,Visual Inspection,200.29,Functional
85,92,27-04-2024,Component,Minor,Manual Testing,200.11,Functional
342,4,24-05-2024,Internal,Moderate,Automated Testing,199.65,Cosmetic
392,81,25-02-2024,Component,Critical,Automated Testing,197.87,Cosmetic
283,63,30-01-2024,Internal,Moderate,Manual Testing,195.84,Structural
324,97,06-04-2024,Component,Minor,Manual Testing,195.74,Functional
652,66,19-04-2024,Component,Critical,Manual Testing,194.90,Functional
116,36,09-01-2024,Internal,Critical,Visual Inspection,194.79,Structural
595,60,21-06-2024,Surface,Moderate,Automated Testing,194.44,Functional
566,96,17-02-2024,Internal,Minor,Automated Testing,192.28,Structural
194,1,03-03-2024,Component,Critical,Visual Inspection,192.21,Structural
15,74,03-05-2024,Component,Critical,Manual Testing,189.55,Functional
730,31,19-03-2024,Surface,Minor,Automated Testing,189.23,Structural
71,71,05-03-2024,Surface,Moderate,Automated Testing,187.03,Functional
640,5,21-06-2024,Internal,Minor,Automated Testing,185.00,Cosmetic
491,90,19-02-2024,Internal,Critical,Manual Testing,183.11,Functional
436,44,18-06-2024,Surface,Minor,Visual Inspection,182.54,Cosmetic
378,41,12-06-2024,Surface,Minor,Visual Inspection,180.86,Functional
294,80,31-03-2024,Internal,Moderate,Manual Testing,178.82,Cosmetic
623,8,06-04-2024,Component,Moderate,Manual Testing,178.30,Structural
380,25,10-04-2024,Component,Critical,Manual Testing,176.96,Functional
177,34,21-01-2024,Internal,Minor,Manual Testing,174.76,Cosmetic
642,28,26-01-2024,Component,Critical,Visual Inspection,170.66,Cosmetic
329,92,02-01-2024,Component,Critical,Automated Testing,170.44,Functional
199,75,30-01-2024,Internal,Moderate,Visual Inspection,169.54,Cosmetic
254,33,02-05-2024,Surface,Minor,Automated Testing,168.30,Cosmetic
703,34,31-01-2024,Internal,Minor,Automated Testing,164.64,Structural
728,5,10-01-2024,Component,Critical,Manual Testing,164.56,Cosmetic
886,4,29-04-2024,Surface,Minor,Visual Inspection,164.46,Cosmetic
356,9,03-02-2024,Internal,Critical,Visual Inspection,161.41,Structural
48,36,03-01-2024,Component,Moderate,Manual Testing,160.25,Functional
942,46,29-05-2024,Surface,Critical,Visual Inspection,160.08,Structural
260,70,03-03-2024,Surface,Minor,Manual Testing,159.25,Functional
908,31,24-04-2024,Component,Moderate,Manual Testing,156.46,Structural
848,28,01-05-2024,Component,Critical,Visual Inspection,155.84,Cosmetic
659,88,19-01-2024,Component,Minor,Visual Inspection,153.25,Structural
673,63,01-05-2024,Internal,Minor,Visual Inspection,152.08,Structural
575,72,07-03-2024,Component,Minor,Visual Inspection,151.62,Functional
598,50,08-06-2024,Component,Critical,Automated Testing,151.43,Functional
585,19,01-06-2024,Surface,Critical,Automated Testing,150.78,Structural
467,83,28-02-2024,Internal,Moderate,Automated Testing,150.16,Cosmetic
248,65,27-03-2024,Component,Minor,Automated Testing,148.61,Structural
482,68,16-06-2024,Surface,Critical,Visual Inspection,148.53,Functional
872,1,20-05-2024,Internal,Minor,Automated Testing,148.15,Functional
717,84,01-01-2024,Internal,Minor,Manual Testing,147.94,Cosmetic
253,25,01-05-2024,Component,Minor,Automated Testing,146.53,Structural
42,49,18-05-2024,Surface,Critical,Automated Testing,144.38,Functional
526,65,10-02-2024,Surface,Minor,Manual Testing,142.64,Functional
963,51,26-05-2024,Component,Minor,Automated Testing,142.00,Structural
868,38,10-05-2024,Surface,Critical,Manual Testing,141.43,Functional
753,83,08-01-2024,Surface,Critical,Visual Inspection,140.96,Cosmetic
475,97,16-03-2024,Surface,Moderate,Manual Testing,140.36,Structural
974,39,21-01-2024,Internal,Critical,Manual Testing,140.02,Functional
583,86,29-06-2024,Internal,Moderate,Automated Testing,138.42,Structural
889,52,05-05-2024,Component,Moderate,Automated Testing,138.24,Cosmetic
106,9,14-05-2024,Surface,Moderate,Manual Testing,137.41,Structural
247,24,22-04-2024,Internal,Critical,Automated Testing,136.69,Structural
692,67,18-02-2024,Component,Critical,Automated Testing,135.49,Structural
946,87,03-03-2024,Internal,Minor,Manual Testing,133.90,Functional
723,25,27-01-2024,Internal,Critical,Visual Inspection,133.43,Cosmetic
568,62,19-03-2024,Surface,Minor,Automated Testing,132.83,Structural
704,7,02-02-2024,Internal,Critical,Visual Inspection,132.46,Cosmetic
524,14,10-02-2024,Surface,Minor,Visual Inspection,132.39,Cosmetic
273,94,15-06-2024,Surface,Moderate,Automated Testing,129.41,Cosmetic
831,57,24-04-2024,Internal,Critical,Manual Testing,129.15,Functional
932,80,14-05-2024,Internal,Moderate,Visual Inspection,127.23,Structural
933,15,16-05-2024,Internal,Minor,Visual Inspection,121.96,Structural
637,21,29-05-2024,Component,Critical,Automated Testing,121.29,Functional
770,56,24-04-2024,Surface,Moderate,Visual Inspection,119.28,Functional
866,99,22-02-2024,Surface,Minor,Visual Inspection,119.16,Cosmetic
376,54,10-01-2024,Component,Moderate,Manual Testing,118.46,Structural
519,96,18-06-2024,Internal,Critical,Manual Testing,117.82,Cosmetic
231,47,11-03-2024,Internal,Moderate,Manual Testing,117.74,Structural
836,95,08-05-2024,Surface,Critical,Automated Testing,114.02,Functional
837,30,10-03-2024,Surface,Minor,Manual Testing,113.95,Structural
679,61,23-01-2024,Internal,Critical,Visual Inspection,113.64,Cosmetic
985,99,02-02-2024,Internal,Critical,Automated Testing,112.15,Functional
793,79,07-05-2024,Component,Moderate,Visual Inspection,111.39,Functional
915,66,05-03-2024,Surface,Moderate,Visual Inspection,108.70,Functional
38,51,08-06-2024,Internal,Moderate,Automated Testing,107.70,Cosmetic
397,79,16-04-2024,Surface,Moderate,Visual Inspection,106.59,Cosmetic
30,17,22-01-2024,Surface,Critical,Visual Inspection,106.34,Structural
832,37,02-06-2024,Surface,Critical,Automated Testing,105.91,Structural
166,34,15-02-2024,Component,Minor,Visual Inspection,105.27,Cosmetic
352,30,24-02-2024,Surface,Minor,Visual Inspection,104.54,Functional
988,50,05-02-2024,Surface,Moderate,Automated Testing,102.98,Structural
202,97,25-05-2024,Surface,Moderate,Automated Testing,102.88,Functional
422,12,11-04-2024,Internal,Moderate,Manual Testing,101.05,Structural
29,3,13-01-2024,Component,Moderate,Automated Testing,99.82,Structural
874,1,19-04-2024,Surface,Critical,Visual Inspection,98.45,Structural
285,82,17-05-2024,Surface,Critical,Manual Testing,97.99,Structural
844,83,18-02-2024,Component,Critical,Automated Testing,97.57,Structural
400,44,12-04-2024,Component,Moderate,Manual Testing,97.53,Functional
370,93,27-01-2024,Internal,Minor,Visual Inspection,96.04,Structural
152,97,27-01-2024,Internal,Moderate,Manual Testing,94.70,Cosmetic
399,50,07-04-2024,Surface,Critical,Manual Testing,94.34,Functional
811,7,15-05-2024,Surface,Moderate,Visual Inspection,93.31,Cosmetic
53,81,03-01-2024,Surface,Critical,Automated Testing,93.13,Structural
710,4,26-06-2024,Surface,Moderate,Visual Inspection,91.90,Functional
825,26,26-01-2024,Component,Moderate,Automated Testing,90.18,Cosmetic
914,89,15-06-2024,Internal,Critical,Automated Testing,90.11,Functional
301,22,03-05-2024,Surface,Moderate,Manual Testing,89.91,Structural
813,93,06-05-2024,Surface,Minor,Visual Inspection,89.52,Structural
284,86,09-04-2024,Internal,Moderate,Visual Inspection,88.05,Functional
952,23,26-02-2024,Surface,Critical,Visual Inspection,87.89,Functional
188,56,02-06-2024,Internal,Moderate,Automated Testing,87.28,Functional
190,4,22-06-2024,Surface,Critical,Automated Testing,86.46,Functional
882,39,21-05-2024,Component,Moderate,Automated Testing,85.21,Functional
65,22,16-04-2024,Component,Critical,Visual Inspection,84.97,Functional
502,62,26-04-2024,Surface,Minor,Automated Testing,81.91,Functional
185,64,15-01-2024,Surface,Moderate,Automated Testing,81.33,Cosmetic
182,80,27-01-2024,Internal,Moderate,Manual Testing,80.00,Structural
136,67,21-02-2024,Internal,Minor,Automated Testing,79.52,Cosmetic
396,84,09-01-2024,Surface,Critical,Visual Inspection,77.72,Functional
414,36,04-02-2024,Component,Moderate,Automated Testing,75.93,Cosmetic
916,7,21-02-2024,Surface,Moderate,Visual Inspection,75.06,Functional
351,44,07-06-2024,Surface,Minor,Visual Inspection,74.81,Cosmetic
522,70,13-01-2024,Surface,Critical,Manual Testing,74.36,Cosmetic
543,76,18-03-2024,Component,Minor,Visual Inspection,73.55,Structural
921,91,09-03-2024,Internal,Moderate,Automated Testing,73.46,Cosmetic
559,17,26-02-2024,Internal,Minor,Manual Testing,73.00,Functional
142,63,25-03-2024,Internal,Critical,Visual Inspection,71.91,Functional
737,46,14-04-2024,Component,Moderate,Visual Inspection,71.86,Cosmetic
611,80,20-01-2024,Internal,Minor,Manual Testing,67.82,Structural
995,41,28-01-2024,Internal,Moderate,Automated Testing,67.54,Functional
768,48,09-01-2024,Internal,Moderate,Visual Inspection,67.49,Functional
412,97,02-02-2024,Internal,Minor,Automated Testing,66.98,Structural
8,90,15-01-2024,Internal,Moderate,Manual Testing,65.56,Functional
196,18,21-06-2024,Component,Minor,Manual Testing,65.23,Cosmetic
593,73,23-06-2024,Surface,Moderate,Visual Inspection,64.74,Cosmetic
740,79,23-04-2024,Internal,Moderate,Manual Testing,63.99,Structural
911,82,07-06-2024,Component,Minor,Visual Inspection,62.70,Cosmetic
906,6,25-01-2024,Surface,Critical,Visual Inspection,62.68,Structural
252,92,16-05-2024,Internal,Critical,Visual Inspection,62.59,Structural
648,31,09-01-2024,Component,Critical,Visual Inspection,59.04,Cosmetic
310,76,26-05-2024,Component,Moderate,Automated Testing,56.35,Functional
309,24,23-03-2024,Component,Moderate,Manual Testing,56.12,Structural
532,6,10-02-2024,Surface,Critical,Manual Testing,53.77,Structural
644,58,08-06-2024,Internal,Minor,Automated Testing,52.03,Cosmetic
991,10,08-06-2024,Internal,Minor,Visual Inspection,51.79,Functional
590,90,17-02-2024,Component,Minor,Manual Testing,50.38,Cosmetic
750,9,23-03-2024,Surface,Moderate,Manual Testing,49.52,Cosmetic
315,40,15-01-2024,Internal,Minor,Automated Testing,49.20,Cosmetic
236,29,05-05-2024,Surface,Minor,Automated Testing,47.99,Structural
537,91,13-06-2024,Component,Critical,Visual Inspection,47.47,Structural
549,8,22-01-2024,Surface,Minor,Visual Inspection,47.22,Structural
67,87,15-03-2024,Internal,Minor,Automated Testing,46.43,Functional
663,25,13-01-2024,Component,Critical,Automated Testing,45.26,Structural
336,92,13-04-2024,Surface,Moderate,Automated Testing,44.73,Functional
270,71,05-04-2024,Internal,Critical,Visual Inspection,42.63,Structural
321,32,06-06-2024,Component,Moderate,Visual Inspection,42.44,Functional
360,82,02-06-2024,Internal,Moderate,Visual Inspection,40.89,Functional
901,27,20-03-2024,Internal,Critical,Manual Testing,40.80,Structural
503,91,13-06-2024,Surface,Critical,Manual Testing,40.19,Structural
368,35,01-03-2024,Internal,Moderate,Visual Inspection,39.01,Cosmetic
226,77,04-06-2024,Internal,Minor,Automated Testing,38.39,Cosmetic
685,40,24-06-2024,Surface,Critical,Visual Inspection,37.69,Structural
787,36,23-01-2024,Surface,Minor,Manual Testing,37.44,Cosmetic
784,2,30-03-2024,Surface,Moderate,Automated Testing,36.50,Cosmetic
552,93,04-06-2024,Component,Minor,Automated Testing,36.04,Functional
19,28,15-02-2024,Internal,Critical,Manual Testing,34.93,Functional
433,18,03-05-2024,Component,Minor,Automated Testing,34.48,Functional
676,4,06-04-2024,Internal,Critical,Visual Inspection,33.95,Functional
7,85,23-05-2024,Internal,Critical,Manual Testing,33.68,Structural
909,6,08-03-2024,Component,Critical,Visual Inspection,32.90,Structural
636,17,05-02-2024,Surface,Moderate,Visual Inspection,32.62,Structural
381,27,07-01-2024,Surface,Moderate,Visual Inspection,32.44,Cosmetic
68,11,16-04-2024,Internal,Minor,Automated Testing,31.91,Cosmetic
817,96,31-03-2024,Internal,Critical,Automated Testing,28.26,Structural
684,33,16-03-2024,Component,Moderate,Manual Testing,28.05,Cosmetic
508,41,04-04-2024,Surface,Moderate,Visual Inspection,27.90,Functional
39,12,25-06-2024,Internal,Critical,Manual Testing,27.24,Cosmetic
2,6,26-04-2024,Component,Minor,Visual Inspection,26.87,Structural
145,25,16-01-2024,Internal,Minor,Manual Testing,23.02,Functional
347,90,19-05-2024,Component,Minor,Visual Inspection,22.07,Functional
126,29,01-02-2024,Surface,Minor,Visual Inspection,21.77,Functional
617,47,23-03-2024,Internal,Moderate,Automated Testing,21.17,Cosmetic
612,56,13-04-2024,Internal,Minor,Manual Testing,21.12,Cosmetic
776,37,02-05-2024,Surface,Minor,Automated Testing,20.93,Functional
883,35,06-06-2024,Component,Minor,Visual Inspection,20.83,Functional
944,72,11-03-2024,Surface,Minor,Manual Testing,19.83,Functional
690,96,26-05-2024,Component,Minor,Automated Testing,19.23,Structural
880,91,19-04-2024,Surface,Minor,Visual Inspection,18.70,Cosmetic
379,34,05-04-2024,Surface,Minor,Manual Testing,18.61,Cosmetic
302,85,06-05-2024,Internal,Minor,Automated Testing,18.42,Cosmetic
107,63,28-06-2024,Surface,Critical,Automated Testing,17.89,Cosmetic
261,59,02-03-2024,Internal,Minor,Manual Testing,16.62,Cosmetic
580,15,04-03-2024,Internal,Moderate,Visual Inspection,16.05,Cosmetic
960,59,19-03-2024,Internal,Critical,Automated Testing,15.96,Functional
469,90,28-04-2024,Surface,Moderate,Manual Testing,15.10,Cosmetic
957,13,27-05-2024,Internal,Minor,Automated Testing,13.19,Cosmetic
191,80,12-01-2024,Surface,Critical,Manual Testing,13.03,Structural
318,34,03-03-2024,Component,Minor,Manual Testing,11.38,Functional
834,4,09-04-2024,Internal,Moderate,Automated Testing,10.55,Structural
701,67,30-03-2024,Component,Minor,Manual Testing,10.44,Cosmetic
172,25,02-01-2024,Component,Critical,Automated Testing,10.22,Cosmetic
